{
    "camera_name": "camera0",
    "matrix": [
        [
            926.6827232139939,
            0.0,
            670.94713319571
        ],
        [
            0.0,
            929.1734972464549,
            341.57254700699673
        ],
        [
            0.0,
            0.0,
            1.0
        ]
    ],
    "distortion_coefs": [
        [
            -0.020195854260570183,
            0.11185020342653589,
            0.000295726689870955,
            0.006015985315433812,
            -0.14237612945910433
        ]
    ]
}