{
    "batchName": "Maxwell",
    "batchTime": 1666868810,
    "boardConf": "nIR-C00M00-00",
    "boardCustom": "",
    "boardName": "DM9098",
    "boardOptions": 4,
    "boardRev": "R6M2E6",
    "cameraData": [
        [
            2,
            {
                "cameraType": 0,
                "distortionCoeff": [
                    -11.451761245727539,
                    117.64016723632813,
                    -0.0012991591356694698,
                    -0.0005273996503092349,
                    -68.8379135131836,
                    -11.475019454956055,
                    116.94256591796875,
                    -66.96269226074219,
                    0.0,
                    0.0,
                    0.0,
                    0.0,
                    0.0,
                    0.0
                ],
                "extrinsics": {
                    "rotationMatrix": [
                        [
                            0.9999865293502808,
                            0.004420984536409378,
                            0.002710152417421341
                        ],
                        [
                            -0.004439713899046183,
                            0.999966025352478,
                            0.006944186054170132
                        ],
                        [
                            -0.002679360331967473,
                            -0.006956125143915415,
                            0.9999722242355347
                        ]
                    ],
                    "specTranslation": {
                        "x": 3.75,
                        "y": 0.0,
                        "z": 0.0
                    },
                    "toCameraSocket": 0,
                    "translation": {
                        "x": 3.685201406478882,
                        "y": -0.08921803534030914,
                        "z": -0.10456746816635132
                    }
                },
                "height": 800,
                "intrinsicMatrix": [
                    [
                        800.9620361328125,
                        0.0,
                        606.3753051757813
                    ],
                    [
                        0.0,
                        800.9620361328125,
                        422.78125
                    ],
                    [
                        0.0,
                        0.0,
                        1.0
                    ]
                ],
                "lensPosition": 0,
                "specHfovDeg": 71.86000061035156,
                "width": 1280
            }
        ],
        [
            1,
            {
                "cameraType": 0,
                "distortionCoeff": [
                    -12.41084098815918,
                    103.8648452758789,
                    -0.0011780200293287635,
                    -0.00020681209571193904,
                    -88.39286804199219,
                    -12.44096851348877,
                    103.50210571289063,
                    -87.26626586914063,
                    0.0,
                    0.0,
                    0.0,
                    0.0,
                    0.0,
                    0.0
                ],
                "extrinsics": {
                    "rotationMatrix": [
                        [
                            0.9999790191650391,
                            -0.002920995932072401,
                            -0.0057780547067523
                        ],
                        [
                            0.0029026761185377836,
                            0.9999907612800598,
                            -0.0031764511950314045
                        ],
                        [
                            0.005787279456853867,
                            0.003159612650051713,
                            0.999978244304657
                        ]
                    ],
                    "specTranslation": {
                        "x": -7.5,
                        "y": 0.0,
                        "z": 0.0
                    },
                    "toCameraSocket": 2,
                    "translation": {
                        "x": -7.474992752075195,
                        "y": 0.05770140513777733,
                        "z": -0.008739732205867767
                    }
                },
                "height": 800,
                "intrinsicMatrix": [
                    [
                        804.0960083007813,
                        0.0,
                        644.4961547851563
                    ],
                    [
                        0.0,
                        804.0960083007813,
                        392.4601745605469
                    ],
                    [
                        0.0,
                        0.0,
                        1.0
                    ]
                ],
                "lensPosition": 0,
                "specHfovDeg": 71.86000061035156,
                "width": 1280
            }
        ],
        [
            0,
            {
                "cameraType": 0,
                "distortionCoeff": [
                    20.1954345703125,
                    -161.38623046875,
                    -0.0002956241660285741,
                    0.00022871399414725602,
                    635.8463134765625,
                    19.936559677124023,
                    -159.70343017578125,
                    627.0755615234375,
                    0.0,
                    0.0,
                    0.0,
                    0.0,
                    0.0,
                    0.0
                ],
                "extrinsics": {
                    "rotationMatrix": [
                        [
                            0.0,
                            0.0,
                            0.0
                        ],
                        [
                            0.0,
                            0.0,
                            0.0
                        ],
                        [
                            0.0,
                            0.0,
                            0.0
                        ]
                    ],
                    "specTranslation": {
                        "x": -0.0,
                        "y": -0.0,
                        "z": -0.0
                    },
                    "toCameraSocket": -1,
                    "translation": {
                        "x": 0.0,
                        "y": 0.0,
                        "z": 0.0
                    }
                },
                "height": 2160,
                "intrinsicMatrix": [
                    [
                        3099.93359375,
                        0.0,
                        1932.9254150390625
                    ],
                    [
                        0.0,
                        3099.93359375,
                        1086.3662109375
                    ],
                    [
                        0.0,
                        0.0,
                        1.0
                    ]
                ],
                "lensPosition": 132,
                "specHfovDeg": 68.7938003540039,
                "width": 3840
            }
        ]
    ],
    "hardwareConf": "F0-FV00-BC001",
    "imuExtrinsics": {
        "rotationMatrix": [
            [
                0.0,
                0.0,
                0.0
            ],
            [
                0.0,
                0.0,
                0.0
            ],
            [
                0.0,
                0.0,
                0.0
            ]
        ],
        "specTranslation": {
            "x": 0.0,
            "y": 0.0,
            "z": 0.0
        },
        "toCameraSocket": -1,
        "translation": {
            "x": 0.0,
            "y": 0.0,
            "z": 0.0
        }
    },
    "miscellaneousData": [],
    "productName": "OAK-D S2 AF",
    "stereoRectificationData": {
        "leftCameraSocket": 1,