{
    "batchName": "Maxwell",
    "batchTime": 1666868643,
    "boardConf": "nIR-C00M00-00",
    "boardCustom": "",
    "boardName": "DM9098",
    "boardOptions": 4,
    "boardRev": "R6M2E6",
    "cameraData": [
        [
            2,
            {
                "cameraType": 0,
                "distortionCoeff": [
                    -6.572168350219727,
                    77.88947296142578,
                    0.00042287600808776915,
                    -0.000566024100407958,
                    -63.09703826904297,
                    -6.6636481285095215,
                    77.76063537597656,
                    -62.283199310302734,
                    0.0,
                    0.0,
                    0.0,
                    0.0,
                    0.0,
                    0.0
                ],
                "extrinsics": {
                    "rotationMatrix": [
                        [
                            0.9999966025352478,
                            -0.001334336237050593,
                            -0.0022477456368505955
                        ],
                        [
                            0.0013383483747020364,
                            0.9999974966049194,
                            0.0017844081157818437
                        ],
                        [
                            0.0022453591227531433,
                            -0.0017874103505164385,
                            0.9999958872795105
                        ]
                    ],
                    "specTranslation": {
                        "x": 3.75,
                        "y": 0.0,
                        "z": 0.0
                    },
                    "toCameraSocket": 0,
                    "translation": {
                        "x": 3.704948902130127,
                        "y": -0.015350199304521084,
                        "z": -0.0963669940829277
                    }
                },
                "height": 800,
                "intrinsicMatrix": [
                    [
                        804.14306640625,
                        0.0,
                        607.5133056640625
                    ],
                    [
                        0.0,
                        804.14306640625,
                        375.87542724609375
                    ],
                    [
                        0.0,
                        0.0,
                        1.0
                    ]
                ],
                "lensPosition": 0,
                "specHfovDeg": 71.86000061035156,
                "width": 1280
            }
        ],
        [
            1,
            {
                "cameraType": 0,
                "distortionCoeff": [
                    -11.502634048461914,
                    94.34835052490234,
                    -0.0016739699058234692,
                    -0.00032854441087692976,
                    -74.32396697998047,
                    -11.542180061340332,
                    94.08255004882813,
                    -73.39265441894531,
                    0.0,
                    0.0,
                    0.0,
                    0.0,
                    0.0,
                    0.0
                ],
                "extrinsics": {
                    "rotationMatrix": [
                        [
                            0.999989926815033,
                            -0.00042053384822793305,
                            -0.0044662910513579845
                        ],
                        [
                            0.00042748352279886603,
                            0.9999986886978149,
                            0.0015551879769191146
                        ],
                        [
                            0.0044656312093138695,
                            -0.0015570817049592733,
                            0.9999887943267822
                        ]
                    ],
                    "specTranslation": {
                        "x": -7.5,
                        "y": 0.0,
                        "z": 0.0
                    },
                    "toCameraSocket": 2,
                    "translation": {
                        "x": -7.513713836669922,
                        "y": -0.033416878432035446,
                        "z": 0.0005299567128531635
                    }
                },
                "height": 800,
                "intrinsicMatrix": [
                    [
                        801.4158325195313,
                        0.0,
                        642.2183227539063
                    ],
                    [
                        0.0,
                        801.4158325195313,
                        412.9912414550781
                    ],
                    [
                        0.0,
                        0.0,
                        1.0
                    ]
                ],
                "lensPosition": 0,
                "specHfovDeg": 71.86000061035156,
                "width": 1280
            }
        ],
        [
            0,
            {
                "cameraType": 0,
                "distortionCoeff": [
                    29.838153839111328,
                    -222.02279663085938,
                    -0.0005039264797233045,
                    3.9008024032227695e-05,
                    796.0281982421875,
                    29.545970916748047,
                    -220.29519653320313,
                    786.9560546875,
                    0.0,
                    0.0,
                    0.0,
                    0.0,
                    0.0,
                    0.0
                ],
                "extrinsics": {
                    "rotationMatrix": [
                        [
                            0.0,
                            0.0,
                            0.0
                        ],
                        [
                            0.0,
                            0.0,
                            0.0
                        ],
                        [
                            0.0,
                            0.0,
                            0.0
                        ]
                    ],
                    "specTranslation": {
                        "x": -0.0,
                        "y": -0.0,
                        "z": -0.0
                    },
                    "toCameraSocket": -1,
                    "translation": {
                        "x": 0.0,
                        "y": 0.0,
                        "z": 0.0
                    }
                },
                "height": 2160,
                "intrinsicMatrix": [
                    [
                        3098.11767578125,
                        0.0,
                        1913.619140625
                    ],
                    [
                        0.0,
                        3098.11767578125,
                        1008.4330444335938
                    ],
                    [
                        0.0,
                        0.0,
                        1.0
                    ]
                ],
                "lensPosition": 127,
                "specHfovDeg": 68.7938003540039,
                "width": 3840
            }
        ]
    ],
    "hardwareConf": "F0-FV00-BC001",
    "imuExtrinsics": {
        "rotationMatrix": [
            [
                0.0,
                0.0,
                0.0
            ],
            [
                0.0,
                0.0,
                0.0
            ],
            [
                0.0,
                0.0,
                0.0
            ]
        ],
        "specTranslation": {
            "x": 0.0,
            "y": 0.0,
            "z": 0.0
        },
        "toCameraSocket": -1,
        "translation": {
            "x": 0.0,
            "y": 0.0,
            "z": 0.0
        }
    },
    "miscellaneousData": [],
    "productName": "OAK-D S2 AF",